id,name,password
1,freddan123,password123
2,kalle,password123
3,kulan,password123
4,gustav,password123
5,niklas,hejsanhoppsan
6,kallekula,987654321
7,kulan123,klappapappa
8,hejhopp,20231104
9,Lotta,julen2023
10,Pelle,svanslös123
11,Calle,önskelista
12,Torsten,12345678
13,Lotta123,12345678
14,Patrik,12345678
15,Jenny,12345678
16,Ola,12345678
17,eaglerider,password123
18,Gabriella,Gabriella123
19,Gina,Gina123
20,Greta,Greta123
21,Filip,Filip123
22,Hulda,Hulda123
23,Johanna,123
24,Jolin,123
25,Isaac,Isaac123
26,Katja,Katja123
27,John,John123
28,Kira,Kira123
29,Klara,Klara123
30,Lana,Lana123
31,Ahmed,Ahmed123
32,Spöket,Laban
33,Lia,Lia123
34,Lina,Lina123
35,Oskar,Oskar123
36,Aaron,Aaron123
37,Bodil,Bodil123
38,Beata,Beata123
39,Sixten,Sixten123
40,Bonnie,Bonnie123
41,Cajsa,Cajsa123
42,August,August123
43,Alfred,Alfred123
44,Cornelia,Cornelia123
45,Doris,Doris123
46,Ebba,Ebba123
47,Ben,Ben123
48,Eden,Eden123
49,Hanna,Hanna123
50,Hilda,Hilda123148
51,Kasper,12345678
51,Kasper2,12345678
52,Kasper3,12345678
157,Julia,12345678
